aws-virginia	FI811091	753e58f2-1452-5c25-ae78-3cb192403e8b	BAM	mini-90d99626b73bd35673e41235374bd024.bam	1719002976	68a189e58537834fe385a2dcf6152ad5	f2d1e6c7-b6bd-579b-b023-caae934d9e78	DO50342	ESAD-UK	PCAWG
aws-virginia	FI808973	ad71f992-587d-5db1-87dc-add7b65fffe4	BAM	mini-ab3c08eafbabda9ebc1ed4b536e894b3.bam	330513830	4041bcd3308b9958621eaa8aa20738cd	238aeaba-9309-50fe-add5-2982960bf789	DO50445	ESAD-UK	PCAWG
aws-virginia	FI808933	5db124ab-f756-5a62-8de6-afb09fb2a4bc	BAM	mini-212c34bd65434db34e6dbed057956545.bam	388250278	735be56b4c2a5ae5410e23b9373314fc	388863e0-44bf-563d-b99d-5714b9757e90	DO50390	ESAD-UK	PCAWG
aws-virginia	FI808905	2b5f6510-fd4d-5227-a6e6-51784debd184	BAM	mini-ab3c9eaa6ef608830aa124808176460f.bam	372897022	1cab700a978437a6088fbed4cf1043a2	1b1f1e31-5daa-5458-8a9a-904488ac5a72	DO50349	ESAD-UK	PCAWG
aws-virginia	FI808869	83117d14-7cfe-5608-b3fd-864e56fb5883	BAM	mini-28bcfef28146f4b23291eea7f9b0fa4c.bam	284378329	a1dbe2846418f3207a7d76b756831068	c1378d7c-a3a7-58fe-9ff3-63a69ef17a93	DO50381	ESAD-UK	PCAWG
aws-virginia	FI808863	79030863-a407-5e1c-825a-d6590bceaa1b	BAM	mini-17e6368cb4ae6ae3ac0ca12e20c90dd4.bam	370874436	b9fada221dbc6284c6468eb89035eb30	59aad959-4cac-5e2a-a6c4-15f1816f1ce9	DO50449	ESAD-UK	PCAWG
aws-virginia	FI808877	82d06b0f-decc-575c-bce5-3735ebf515d6	BAM	mini-260b4b3ac77878293b707483482c37ac.bam	665882932	8312c6348c42ea7d5d2ab993851fd637	6d245e0a-a5fd-588b-814f-74985a5ad3a2	DO50437	ESAD-UK	PCAWG
aws-virginia	FI809021	9bc912ed-047c-5ebe-abe4-46a32f025a73	BAM	mini-c76c166f133cfefbacb11e838f7eadd1.bam	725079830	cb31d5735242c32abdd27742c4e237c5	669092e5-4645-58fb-9692-19842d52952f	DO50401	ESAD-UK	PCAWG
aws-virginia	FI809017	8ca28454-267e-5b00-b0ea-2c9a7db896d4	BAM	mini-4694a3dd2c9a2daa40ccf3b8d9abbc21.bam	1702081127	b8de4f95d9e2838c2eca1125698b72a2	569ce883-2570-5bb5-b9df-2374c93f4440	DO50411	ESAD-UK	PCAWG
aws-virginia	FI808901	a527e6be-9375-5ae4-bec6-f210de724eeb	BAM	mini-7ec671051c13c07911105396540c7223.bam	1440960293	456f2317b09b02719b4a2ea652b4f1d9	b50688e3-2e58-5593-84b6-33604ae03343	DO50384	ESAD-UK	PCAWG
aws-virginia	FI808833	c6adc22b-89f5-522e-80d9-94d449c385fb	BAM	mini-08b5e10caa8aae97aa54fc4ad360fd44.bam	284270676	2e04aefa71cdc82d413d75d543ed54e0	6f6f359b-0885-5e45-9e15-f1a9dacc2514	DO50367	ESAD-UK	PCAWG
aws-virginia	FI808845	bf6c9995-8987-5f7c-a64d-9a4168b58e40	BAM	mini-6a2053d89c7e016b5eb3728bff5eb258.bam	1297075126	e283a1e377b6d3ae92d73981c27bf3d1	d97cadf2-e56a-5493-b46f-381d86a3a2c4	DO10858	ESAD-UK	PCAWG
aws-virginia	FI808737	4164be8c-0147-5ad5-a100-45f6999c9fbe	BAM	mini-7c2156017cc2c847013c4b87cfca8a8b.bam	478232752	1fcccba2fc431b59bf2a048c1ae2d6ec	365287ac-a5bd-54d7-962d-eca13c856570	DO50321	ESAD-UK	PCAWG
aws-virginia	FI808753	cdfa05f0-f8b8-54fa-b69d-c0288fcfdba7	BAM	mini-3272dbc31566b8d6a5c8a336310227ef.bam	879217645	8df2755e2060bad8cacf14892de298e0	906b185c-2a81-59b9-8758-4099545ae08e	DO50343	ESAD-UK	PCAWG
aws-virginia	FI808627	916a721f-8db4-5613-9142-21c2673b42eb	BAM	mini-16b1a5fc5a18d9a759ee0c7a6a8a327b.bam	200096937	bf4712903cec748adca08dc2b27bbd1a	7a7fd120-af54-5447-bb15-15362a6d85c3	DO50327	ESAD-UK	PCAWG
aws-virginia	FI808495	43d20e93-67f9-5247-ac59-b236f77a8bb8	BAM	mini-a80a272635b66d9df4861d1a3624cddd.bam	919781362	593a8d7797d244fb29133b55b8fcb972	fc80e4ad-d2fe-5038-9ab7-587dba725b00	DO50407	ESAD-UK	PCAWG
aws-virginia	FI809027	9f894ce8-eeef-5cb9-b18a-869442e29a3a	BAM	mini-41c9ee902e45fd904a88192d35d935a8.bam	650547796	6145976af9981bf4268b2a4ea73fd377	edc6666e-1b4b-5cfb-aef6-31475cf10d50	DO10840	ESAD-UK	PCAWG
aws-virginia	FI809023	53082e70-4feb-5871-9e56-632af9256072	BAM	mini-d8faa1b0d77cab4bbb62e4d8f4bf7874.bam	242155332	b1bccd0522735799f3a3190aa4a8b437	8a07970a-a6c5-5e20-bb33-adee6ec5e1d5	DO10843	ESAD-UK	PCAWG
aws-virginia	FI809053	1bf50828-68f1-51c3-9e62-6a7dd224379a	BAM	mini-837f6c3f8d4c60a3193e39ffe069ea9f.bam	533757245	25fbd780833ddb2c61b4125c9c5b3ea2	fcc5efe2-565b-52e4-8880-a4b18860c006	DO10840	ESAD-UK	PCAWG
aws-virginia	FI809009	d4784615-a8df-5f2d-9516-22f7e1640c53	BAM	mini-492caa55c486aaf5c37fea1221c1c95f.bam	963196600	48926a1bb9ccbf10facabf60a57b0316	21868f8b-8856-5a48-9aad-a4c849a60cd0	DO50387	ESAD-UK	PCAWG
aws-virginia	FI808919	649dd286-525c-59cf-ab3b-be07f66f20b6	BAM	mini-27ed80c3b3e851cdb16492e38eea8ed7.bam	1350067413	9242f47a42a207681b91a068c26c3010	fbb59f01-422e-5916-bbe5-004507056b3a	DO50450	ESAD-UK	PCAWG
aws-virginia	FI808887	61825b15-b07d-5d05-a854-e868db492d6b	BAM	mini-d0ac3315f713a78b19b8f7d7eed839b3.bam	1435639486	da0fbdff0b356014b4785856d8b2f411	db440d2e-f9ec-522d-8db3-b7871f365cc1	DO50315	ESAD-UK	PCAWG
aws-virginia	FI808807	7e2a2561-7372-5b64-9c0a-9b27b01c21ca	BAM	mini-67cee1198040195bb2cc0738f214b681.bam	534721996	9c13bba221f8772e8b3a7497b3ea758e	6a4c39bc-bc2c-5a4a-af89-aa0c2eb023d2	DO50355	ESAD-UK	PCAWG
aws-virginia	FI808823	253f1aeb-67a4-5b2a-b6de-acf72e555a27	BAM	mini-c091d05b530076ae2ec21d3016bc3883.bam	307143858	f5bd0f75517bb3761bb81d2c82ece1ad	7c85ad4e-df6b-5c4f-a3f1-06e9fee7e71d	DO10844	ESAD-UK	PCAWG
aws-virginia	FI808837	7eca2de4-d528-5644-9dbe-e515a6f94a27	BAM	mini-507fe214d41a761fe62c5efa61991cd4.bam	322298060	9a45580c9f09dbbcbea8c8efe273250d	7796a3d5-69ba-55b5-a9c0-0393a042301b	DO50436	ESAD-UK	PCAWG
aws-virginia	FI808839	0ce4e450-783e-5a6b-b23b-9b1b17b0a34e	BAM	mini-3aeec71296e1dbe3458481c920cf1b8a.bam	619098822	264bde235320ddfd1f784c34be01e9fd	6323487d-138a-5bd9-a012-818939d3e22a	DO50447	ESAD-UK	PCAWG
aws-virginia	FI808791	263609bd-a040-5ae9-9658-da2646b33870	BAM	mini-85c8290aa69210e7b1d244b85c8dd64e.bam	119737512	db3328e05ab90b4d6f6fa52e8a2585fe	f1b50490-489c-509e-bcf8-39b216686921	DO50356	ESAD-UK	PCAWG
aws-virginia	FI808749	37c2dda1-9ac8-5765-8079-ff9983e343b4	BAM	mini-2fc9508f5c225ae651c5a7fe930f056a.bam	619119434	bd6956610c5c62d561063d306bbadcab	bb37bc98-5e23-580e-9b2c-7f237230d425	DO50348	ESAD-UK	PCAWG
aws-virginia	FI808747	5a0fd3ba-8d5b-59e9-b5d8-cceaf1882c13	BAM	mini-5c944c6a54ce756717f61a7cf3b86044.bam	513895803	25353676abc1fb58fe61ef3402611d36	9b44e502-60f1-5083-9a9b-6b4f043ea732	DO50348	ESAD-UK	PCAWG
aws-virginia	FI808767	6fb60bcf-a36a-53f7-b2cf-bae899ecb74b	BAM	mini-74475d452e5ca9eaee00671529f1d22a.bam	356452815	d8864c15982574d385c01901dccfab74	147cd291-f851-5ef5-8973-662459cb7b15	DO50354	ESAD-UK	PCAWG
aws-virginia	FI808713	0c5f8f08-afe9-5c08-85bc-9f708de76563	BAM	mini-351f45dc9e0dd2b786d0d24efc210932.bam	623560753	0d6c62ae9ced1c3a884e88bbc41743a2	3fe9b573-ce52-5b5f-84dd-00fb6a350a82	DO50339	ESAD-UK	PCAWG
aws-virginia	FI809003	04cb7be9-da82-5bea-80df-3a2c66af9e9b	BAM	mini-47c410af32ae57b1681ecf42dabb69fe.bam	865773182	0d7f52e6856fbd590c742d50790dbf6e	62bff6a1-5452-5ddd-aed7-49a18fc9c0f9	DO50316	ESAD-UK	PCAWG
aws-virginia	FI809013	b8fef92d-6588-57bf-bd59-569fc8128f64	BAM	mini-15c1dff43b7a10b72f9c600b082d957c.bam	649947372	e79361ba659fb4c9ddea49bd9b65f92d	44723851-811d-54c4-a2da-8835417a41f8	DO50388	ESAD-UK	PCAWG
aws-virginia	FI808939	ccb5064a-3cd7-56cd-afd9-b230d3ef0dcc	BAM	mini-53a8e45206eb746320be9a7c6fc25f19.bam	218139587	5e0de90c0e08054cc55e80d542b7bf8c	58c36e9d-9195-5755-ad9c-aced634bf2ac	DO50392	ESAD-UK	PCAWG
aws-virginia	FI808943	fa5f8ed8-5530-5c7b-ba03-e3668486a456	BAM	mini-e280b8b3eea5198ccb79ec57f17b08a1.bam	460617447	f0993d05701d47b3b169d8e4abdb119b	0a9bfbb0-1017-5d2f-bd93-bf667931cc9d	DO50454	ESAD-UK	PCAWG
aws-virginia	FI808955	f903db77-55a2-50f7-a0dd-12cf53e909c9	BAM	mini-610a5396ab2df36ea7490b3733bd2cbb.bam	163010628	706fd7bc90bbd38d411db9e773d48849	89465d94-a198-5862-8318-3937c9319441	DO50395	ESAD-UK	PCAWG
aws-virginia	FI808953	8eacfaa6-a16c-515d-b163-4a630e4df4e4	BAM	mini-7cf3133c7550991cae566e60c099f0e5.bam	305383604	1507c058f668f7517dbb44102b637f82	dfa34f20-be09-561f-a1d3-055c9af29a23	DO50405	ESAD-UK	PCAWG
aws-virginia	FI808969	8294bb43-eefb-55df-8917-3fceddd57830	BAM	mini-04ceb5f141916f7fc091a5e0aa51ada3.bam	2242183633	4850d5aabae783857454934da7ff5f5b	1633d10d-f6ff-593a-b933-fab4436fa539	DO50406	ESAD-UK	PCAWG
aws-virginia	FI808907	d5e490e6-cba2-5441-a339-017259c80518	BAM	mini-c26b61ad608d146770b6abf8351a980a.bam	513513452	3aec7f9b507ddc4d4386a00328535a94	2f824801-cfda-5272-bc6a-ea1022c955c6	DO50374	ESAD-UK	PCAWG
aws-virginia	FI808911	429f8bc0-a4d6-5a88-b53e-d3c34ba39e9a	BAM	mini-868c84daeea41793c32761baab9848ff.bam	368181523	9ef979cbd2d8076841c93439677a2a60	a8c36f51-5011-5604-b0d6-bc7844519271	DO50309	ESAD-UK	PCAWG
aws-virginia	FI808921	9e89a90c-ab58-58aa-ac75-339da00db0a3	BAM	mini-06aa83c6bd0135a70071a8fb9fadcea3.bam	1773174484	867dd15a23bd00a9676540d8659f586a	f3a1b1c0-63ba-53db-9105-ca108d9dddd3	DO50450	ESAD-UK	PCAWG
aws-virginia	FI808855	2d46224b-4dd3-55ce-a853-6004eab60f2d	BAM	mini-61c5eeae092659949b20354fdaae07d8.bam	801215226	038d98ff36716d4cffa6841d34cc4bf3	4788ad21-5aca-5e24-8085-781519c4d3f5	DO50370	ESAD-UK	PCAWG
aws-virginia	FI808879	74e997d3-7559-51e9-9688-5c108f045f2d	BAM	mini-1bace76d975be5d2b1d6dc18856d29e1.bam	484312570	e753c7664e218a64e1d243d3afb6230e	ed33c311-4379-5ecf-8342-da429066fd0c	DO50439	ESAD-UK	PCAWG
aws-virginia	FI808841	173cebb7-0a42-5594-96e0-41b963a8811a	BAM	mini-2e854733660d3a0d141f77c5204a3cb6.bam	1025272404	c1b00290c3c7f4fe3394771d5b60da5d	0b62c644-044b-584d-b1ba-a67317ae8c0a	DO50447	ESAD-UK	PCAWG
aws-virginia	FI808787	ee399004-8c03-59f5-af00-87584ef4b8d3	BAM	mini-a93e5e3cf822aed9dcf4360b545621e8.bam	386941112	f4d895df9687fd32994778184b04cb4b	3968ee1e-d2e4-5b4c-ba8a-35d0602557d3	DO50438	ESAD-UK	PCAWG
aws-virginia	FI808731	69950312-fe39-5dff-a3cc-e9479f1924aa	BAM	mini-133a017f363c34d54bc869fb4deba74f.bam	728386992	baf07f7fa6e761a0f0b9562fea292f69	41d90013-11e8-50d1-882a-a59459afd68d	DO50320	ESAD-UK	PCAWG
aws-virginia	FI808757	4c0584ce-7475-528b-b0bc-456c677502b3	BAM	mini-e4adf0d42db04c1e92b4f351b5ef414c.bam	1844181267	91d3d22a8f70481ff37f92b4ecac889a	01ace018-a384-50b7-93d7-9e7c3d52ab82	DO50323	ESAD-UK	PCAWG
aws-virginia	FI808769	f713b0bd-2154-50a0-ba34-0a13743e2966	BAM	mini-f1bd01b566d1ab661e9b4e91087485e5.bam	241598424	5ced363a9bb4f88d12780476c4d38678	1a9bce02-24bc-5e7b-9c88-eb499274c7be	DO50349	ESAD-UK	PCAWG
aws-virginia	FI808617	10c0a741-ffc4-5c92-893c-84ac143de7cd	BAM	mini-066f8f871be1147c121d60aa552efad0.bam	372144809	5ebfd826c20c568ab2703a665c12d24d	8441c090-d676-59d6-a18e-f6d3a2fb91d1	DO50318	ESAD-UK	PCAWG
aws-virginia	FI808625	cc9e0c01-8184-550e-93fa-b4811e546c8a	BAM	mini-0f42d242dc27ff36404dd459c30adcf4.bam	351618738	6861bb0fc16ef163fbc4abfd05fe7f7e	da11f5b0-ca18-5c3e-ae4c-d2aec4eb4f8d	DO50330	ESAD-UK	PCAWG
aws-virginia	FI808643	3b2d3ee1-e638-5a8d-9164-a057f1d8eded	BAM	mini-6bfa74b5b427608862dfd102f5a6e58d.bam	466931677	af6826eb3137af29dffc9bda8aea7fd2	670e87a0-c4b3-5127-8acc-cf5c9f89e84e	DO50338	ESAD-UK	PCAWG
aws-virginia	FI808497	a0cd2f57-eddc-59a8-acbe-549738327de0	BAM	mini-0a250b03103541ef9137514aa0ac5af0.bam	970882032	d8e11c6e6724dba2b90102afea906919	aa4f8265-5deb-5298-91f1-4c2c02908b89	DO50307	ESAD-UK	PCAWG
aws-virginia	FI808985	dd9b1735-44fc-59a1-a403-54e40c20e0bf	BAM	mini-b227a5220ac1ce103c6b66fa8ac1a5ec.bam	418684979	b319f00d5174071894a7d1650f6ed4bf	f13223a0-e201-55cc-99e4-97c78be5adc0	DO50409	ESAD-UK	PCAWG
aws-virginia	FI808991	193385cd-2b6f-5551-958f-36c37796c837	BAM	mini-706e8a8516284214f76ba9a63b61697d.bam	924929126	d755ddaf4b7404b032f446766eaeb63e	1e274a38-a9be-5e2a-ba4b-2e97163ceb76	DO50408	ESAD-UK	PCAWG
aws-virginia	FI808999	bcc71115-c67a-5def-a09b-07bf61e93638	BAM	mini-14494d84b0b1d79b4ee27b5612a4bc1b.bam	561598667	f66c62229ce92cb10f0605141d88855b	5c28c693-b11e-5ed2-b07d-59e8c7ea1870	DO50399	ESAD-UK	PCAWG
aws-virginia	FI808923	193460bb-5373-5cfb-a1f6-dddda753a03a	BAM	mini-81eda88c942f0f4a602826ff1afc501e.bam	632313201	1ea5bda7861c5e23a535c87650f9cf7a	46ffcdbb-cc0c-5377-92b4-1a02d8157b3e	DO50389	ESAD-UK	PCAWG
aws-virginia	FI808619	290e2f4d-eba6-5781-b4fa-be1df453a4bd	BAM	mini-fe3227b1a765e834361ea5722bbd3cfb.bam	542779963	44f30933fead61db2b14f06dd03bb9d8	8d76db37-3023-5831-9a80-8b18af59a55d	DO50318	ESAD-UK	PCAWG
aws-virginia	FI810739	ee69d569-ac33-5908-bc15-b4b7739af55d	BAM	mini-85df9b8f54db020e20317e55e30a4b30.bam	341686652	dbc9b76c4b5ea73731b80979739efab0	645d48e1-f75b-5820-8b6b-99d9651b814b	DO50448	ESAD-UK	PCAWG
aws-virginia	FI808981	8841df62-60bf-53a7-b526-0f53386f7ca1	BAM	mini-6d6d1f6776a91013bc87964cd3005e4e.bam	333032453	763f737a41cf9ed0148355a2f679263a	1e895f65-91f5-5626-90ff-bd5d6d7fa1c7	DO50409	ESAD-UK	PCAWG
aws-virginia	FI808935	7f75433c-43ed-5c64-82b1-8551fc0e0d0d	BAM	mini-6f8cf9b601d10e9bd82517f923f05e50.bam	307500203	ee9242ebf317f54ef81a109cee437af9	1786fb2a-b949-5d75-b287-05ba4fd99022	DO50453	ESAD-UK	PCAWG
aws-virginia	FI808937	0578a12c-63e6-5bd1-b612-22a986e3a63c	BAM	mini-705459b427a9558670282f66354b0525.bam	550423017	347443ec25079f1ab28b3380e00d8f7c	407597d0-0d93-55e5-8134-5968e9d03d41	DO50453	ESAD-UK	PCAWG
aws-virginia	FI808899	5be4cdfd-a7a3-5ecd-9c0f-dee045d03092	BAM	mini-1ad29258baca5c11c468d3748f263bd3.bam	935046551	6a634e521ad47964f5195b35f4ef8a28	5e600a07-9d8d-5185-aa94-cc153c1c0dc9	DO50384	ESAD-UK	PCAWG
aws-virginia	FI808851	522d9f17-f552-549a-8f17-0319ad5dd684	BAM	mini-904342a8883a6c61874edc95a9a97cf5.bam	1117544306	7ae1cc47bdebfac506179a2a8c4fb8e5	8723b075-c6e9-5ca7-bd20-31ea5209626d	DO50364	ESAD-UK	PCAWG
aws-virginia	FI808815	9526c4d1-5d9b-5e4d-99d9-0b6b5c523858	BAM	mini-e7c4d1e0da07ceddc34215fd998cb9b0.bam	829287435	fbb5957e640f47573f1cb69649cea4af	a523693b-b63a-549e-9d1e-261a655d7866	DO50306	ESAD-UK	PCAWG
aws-virginia	FI808829	e48b34a1-0283-5712-b383-c41d096d6553	BAM	mini-34f750e775facce4468828b9f3a94a54.bam	494058766	123d88bc9bfaa4cd6034c0dd4cdabf7f	ea111bf7-0908-5939-9857-cdbc8be4b413	DO50365	ESAD-UK	PCAWG
aws-virginia	FI808781	51e25c6e-f7b5-5139-9aa1-c9cf4a3dc8e7	BAM	mini-17d0164ba75254a66877eb430bef5ab3.bam	830035145	c97431dd494ffe01b874393a8f3b587f	e3af38ef-187b-5be3-8cfc-fb9bcc4707b0	DO50442	ESAD-UK	PCAWG
aws-virginia	FI808729	3f6b42b5-6b57-50fd-b749-a9da20df1d0e	BAM	mini-e9b948776f05bb1e5affc2d713511abe.bam	816939143	45c59c6744b635ce43221c064a232740	745ea268-00aa-5afa-8736-0aa244a260cf	DO50336	ESAD-UK	PCAWG
aws-virginia	FI808741	328ed147-78a7-54c1-be62-d331989d6a31	BAM	mini-ac33ec0a2a503f7589d2cce9428a4b46.bam	398968701	8d0a956131a3700752d64b2b8f7a24d9	481d007a-190a-5d1f-8d8b-e499640aaaa8	DO50314	ESAD-UK	PCAWG
aws-virginia	FI808743	554742bb-7b9b-58cf-858a-e4cc83897f54	BAM	mini-d26b80c33e7bd28624a0d1ecf4eef0cc.bam	786925292	563887203980fc898501606b8d4782ec	04fafc25-fde4-5b6b-8a70-afeb6153ea71	DO50314	ESAD-UK	PCAWG
aws-virginia	FI808613	7bb6892a-2760-5b01-994f-82c948581232	BAM	mini-0b7983f4d85911b7351f5136819c96f1.bam	337301496	391501d2e460f6f3c36d62db26db20d0	6dc2bac0-9bb4-5143-b398-3268a8afc654	DO50329	ESAD-UK	PCAWG
aws-virginia	FI808631	e61ef648-e311-5ed3-afe2-0ba58fa736e2	BAM	mini-60fffaa8b037b480f8e1bbf690fe2212.bam	350122310	d752905f58a5048129daa223fad8517a	b8eefdda-864a-5e62-be1a-3f17ed1ab51d	DO50331	ESAD-UK	PCAWG
aws-virginia	FI808639	cacd7d50-a73b-5f7e-93f9-d26f159697fe	BAM	mini-f345c8ec597356c06d80766374117084.bam	411708400	52129113fc6217cd8c4dfa5c85c8ad49	84d189cd-959c-5f20-bb05-42fde9a35dca	DO50334	ESAD-UK	PCAWG
aws-virginia	FI808979	5acd121e-f8b5-54ca-8985-17fa92b84694	BAM	mini-8598cce84ebc6a7e3a8ebd1dd802d63a.bam	445914070	ab91e4e1d4675c89742b09c0e17bbae9	2733187b-4e59-5b36-b85d-ec4b7d4acaa1	DO50401	ESAD-UK	PCAWG
aws-virginia	FI808983	b121011d-8aff-5564-9041-99730b7c7864	BAM	mini-5365a2412ea10d21234cfb4abf71d337.bam	790705521	fba6943353ecd7798e9409e8c5b1dbf2	aedba354-b069-5f31-8797-62e1bfa46d49	DO50398	ESAD-UK	PCAWG
aws-virginia	FI808995	e0da3208-4bb8-58a8-931d-72e166e0fb69	BAM	mini-04a446c6a660694dafe43ccaf1db7162.bam	920129636	38df2bd0c1128dc6fea3ed828f96695f	0a860b46-09de-537f-a1b0-295a0a185c6b	DO50412	ESAD-UK	PCAWG
aws-virginia	FI808967	0de03144-daba-5557-9020-efc3f3e826ae	BAM	mini-f0ecdffb43ef13045b0262f878c56abf.bam	1577603895	70f1e0f94561651b822d6bcacd644c55	f3a95167-b5fb-583d-85ff-b72794daeb27	DO50406	ESAD-UK	PCAWG
aws-virginia	FI808849	6b715035-4a10-5724-b059-e8319ea03bf2	BAM	mini-53bf14aaf1c3adc718d8b505f4e46331.bam	512704286	c62a5c36d9cc9e56c8aa466171492087	81b8dea9-9a66-51e5-962a-ac8050a15e1e	DO50364	ESAD-UK	PCAWG
aws-virginia	FI808809	d98438c6-f78f-575b-a4af-4ed4b67ccc91	BAM	mini-d68c213a0337da50a946bce580f49ee6.bam	1290915567	1914eee21cd0d98a5e54032fc9e0d82e	ce7f856f-cae5-5821-b47e-1a61ea9dde2c	DO50355	ESAD-UK	PCAWG
aws-virginia	FI808819	3a1c0944-75e7-5953-8fde-1e1451cb2362	BAM	mini-f6abaa6b0c8bdb07ffc1e49d48202d40.bam	442236169	324507e757f3b75bdc47b2a5af77ea6e	9537d2a1-e99e-52a7-8c2f-d468903a52f7	DO50362	ESAD-UK	PCAWG
aws-virginia	FI808803	7de9fe7f-60bf-565e-92e3-89d1faba3e2b	BAM	mini-b2b3bc373a2835d5a130dc5e50c3749a.bam	327666739	5a57e23e7b0f6441ac7a9f0405248e01	7a809f3b-32f0-5fe0-af7c-36c758058c5e	DO50446	ESAD-UK	PCAWG
aws-virginia	FI810741	bfb7c695-7aad-508c-b9e4-fea7073ca9f2	BAM	mini-700af95816b32d4fc5e2091b5f01115d.bam	553487621	b79f2c14cf084c8bbdf35cee7ce71f21	8e1fb933-ce15-5213-bddc-182abed58400	DO50448	ESAD-UK	PCAWG
aws-virginia	FI808795	2f28dcf7-b1ad-508f-a22b-223d045ecc56	BAM	mini-54e17c4435f6b73a956a50e70110ce0f.bam	301898589	5471e58ba9cd76d330f34d677a3fde15	8704d76b-0937-57a9-80d9-65119a4e0526	DO50357	ESAD-UK	PCAWG
aws-virginia	FI808761	c0cbf2b2-acfe-5be2-a92e-dd26e5c6db35	BAM	mini-5bf4af94766a4eccee938ecfe433f40d.bam	1235197525	dc2101f4c2f982a0b093c11d2f3ac748	12fb823f-2415-5993-b3da-58234aefece4	DO50346	ESAD-UK	PCAWG
aws-virginia	FI808723	552186ce-102c-5ee2-9762-5468745c327c	BAM	mini-cd31d2688c6b0fe6674f9bb9293cc4ec.bam	321767958	62d9eca16e041037d6651f28871c8294	730b31c8-39c5-556b-a929-440383bb9cb2	DO50340	ESAD-UK	PCAWG
aws-virginia	FI808695	406866ff-e5e1-5429-b0d0-8549dc9cb508	BAM	mini-2f5dfdb35d764ef1cbc04dd24efc12c3.bam	936141727	479a353bdf1620fcc6f2c653ad2615f5	b98f9005-54fa-5491-a5bf-03084a15eb63	DO50328	ESAD-UK	PCAWG
aws-virginia	FI808689	b5b64533-34ae-548f-9f4a-2e2e89642f0d	BAM	mini-ee84c967997be3a2d88581deec6b928b.bam	1504532097	ef5413f617d2e4879e1580ab4b8150bc	1075227f-1552-597d-864a-76cf576a039c	DO50326	ESAD-UK	PCAWG
aws-virginia	FI808615	e442f040-369b-5656-ae3f-6145763ce0a1	BAM	mini-22678cebb6115f6e83feb242d90e39e0.bam	496092977	cb17247b569ce960b805d4496974ca83	4b331cdb-4fff-50e7-85a6-62eb4de83d35	DO50329	ESAD-UK	PCAWG
aws-virginia	FI808641	5deb1c2e-6753-517e-8dc4-de7c9f2aad53	BAM	mini-8e9327acb8e1cc667de3b7d0c3a35750.bam	1077819804	be5ad5334d4c22c8f6db27ec79c6d20c	1b78a3d1-0e45-5854-8098-c7455a460a60	DO50334	ESAD-UK	PCAWG
aws-virginia	FI808489	e3ca8ede-9869-5344-8749-8e78b34deb79	BAM	mini-f36e9788a505975b966b1e521c950dfd.bam	565378289	3409c884dc9b1e632632c1e305e477d9	4b0ec637-4d65-5384-8fbc-47b158f59c94	DO50407	ESAD-UK	PCAWG
aws-virginia	FI809055	c1bb19fc-3071-5ac1-a97b-b51fe9f07c7e	BAM	mini-b10676570e484ad737329345146b6906.bam	611266131	2da68c1bf4467ca36fb84151667eb1d6	86c7f213-42fa-5e3c-a7b4-c52c44616bd6	DO50383	ESAD-UK	PCAWG
aws-virginia	FI809019	7c7d4129-b7c2-55e0-b5ff-d153759d1c10	BAM	mini-a2f4cfbc8de2e9b57190be2e3939904f.bam	491450555	df1e188a9b242bcb6f1ef5fd7538990f	8be7b4f6-1420-5813-abc7-553ee9e10f06	DO50410	ESAD-UK	PCAWG
aws-virginia	FI808927	c7485564-e9b2-5a2f-82b5-053914a46cb5	BAM	mini-c4409ff03ef47fa22dac0c74d5429f5d.bam	413158852	77297ad17827f9da7afde9354268a812	11d0f26a-6e40-5e06-9a31-3040e91e90ac	DO50382	ESAD-UK	PCAWG
aws-virginia	FI808947	2e652d6d-f455-528f-b174-7b20de1469a6	BAM	mini-bac16ed9e253a5df8200fd6973ad197c.bam	330136708	53195758d732b9d59653261b50341c88	60b4693a-b73b-5f7f-9854-c8d74efe87db	DO50393	ESAD-UK	PCAWG
aws-virginia	FI808903	f991de4f-2c38-58e3-a8aa-52950cc7f32c	BAM	mini-bedc55cd2fe1d2872cccc95f4bf9d17e.bam	491332932	b4c393b69ba6c7ac8c97777e56455585	06a5356e-a5d8-5632-a364-86af9115e54c	DO50350	ESAD-UK	PCAWG
aws-virginia	FI808925	41d7e0d3-0693-53bb-9f20-fdc4682efda0	BAM	mini-0337efea9b59b88f804ea384c356377c.bam	996214813	1209982c67e36c2cc2d7951e07986362	b9ec0863-e8ce-56c3-a1d1-bab9bcee2afc	DO50389	ESAD-UK	PCAWG
aws-virginia	FI808895	4396ec07-743a-5b07-8aac-c9a57bc64657	BAM	mini-92a851f8eaa9edd5750f7605460eca16.bam	1130305171	107ecd87c5bb927b815d964daadd6189	bdde0c08-28ab-54e2-bf1a-d245db423acf	DO50452	ESAD-UK	PCAWG
aws-virginia	FI808897	f2d318b8-0f2b-5c5c-a42e-21a02163e6f7	BAM	mini-81d1bbace3d0a134ed2f820c75503147.bam	1390569067	794758876a896d69eaef594cfc8f67b7	1b12132e-a26e-5932-8e5e-37d3229b199e	DO50452	ESAD-UK	PCAWG
aws-virginia	FI808873	79fc9eab-ce25-5793-b9b5-239a5d5be3d9	BAM	mini-408bb34a79d24404845cc07574321fa4.bam	454622776	aa2f4854e51fc7d54faa98ee093f8c40	40207a38-6416-5228-a554-64792419a18f	DO10841	ESAD-UK	PCAWG
aws-virginia	FI808831	674c72db-a573-50cf-904d-902557b6f7be	BAM	mini-9764d6e93fd5a38ebc35263ef88f3f67.bam	178615485	8a3d4f5d28aca25a1ff6c155c1966abd	4145bf52-ce46-5d8a-88fc-02fdbd259f9d	DO50367	ESAD-UK	PCAWG
aws-virginia	FI808773	00796003-209c-5b73-b049-65544a0b1270	BAM	mini-c1e38ed97501041d0e238defb5e53c79.bam	279610268	32497df3dca77eed58af7a24e9020e12	76a2a7a3-ee8a-5961-bcac-a0286ac4fb6f	DO50439	ESAD-UK	PCAWG
aws-virginia	FI808739	7892dc6a-470b-5dba-bbc9-f650913fe0b1	BAM	mini-08f6c8561dcbc9c4e311cc79d87c73fa.bam	414070660	d7a3694bc49e7b56a1bdc3d9846e9069	372ae715-8b31-5b17-a6c7-2325589bda05	DO50435	ESAD-UK	PCAWG
aws-virginia	FI808701	8c4fecbb-67a7-5a7f-a5e0-9f8bd08ad8ac	BAM	mini-8fb84157d1bbd0c8b183ca93d11076d2.bam	396200108	332c97ec81dde1ee73aa16b55f97e169	bf30f8ba-d5a8-5242-92b3-4a5557c4d334	DO50337	ESAD-UK	PCAWG
aws-virginia	FI809025	9546577e-a31c-527b-9cf9-10768d24ba52	BAM	mini-4ed4ba11e770408b47b2a18e37ab43fc.bam	712038243	b9fe5d4cfe2fd5959a96c5552882f763	bc7da385-c922-547d-8882-d343f12dd313	DO50435	ESAD-UK	PCAWG
aws-virginia	FI809001	2e85d744-3cfd-5260-8c7d-5cc32f954bef	BAM	mini-c908cd92d16d802f80292e52fd4fb1c7.bam	504771788	eacb11656cab1a8d419f43640c5095a6	1e91b71e-5f9b-5194-8b86-7fac1d45c1a9	DO50316	ESAD-UK	PCAWG
aws-virginia	FI808989	cc178b00-d9ea-5c75-8974-2aef30d7d6e8	BAM	mini-450023f8bdee7b02c4aacd1c7128593b.bam	493517356	3d7f659458ac6ec5a462bc8616345e90	7a93bff6-7033-589d-9af3-a9349889d53e	DO50408	ESAD-UK	PCAWG
aws-virginia	FI808993	ec6d4eef-452e-5624-9495-9d23a5cf8752	BAM	mini-a40dad230bc663b1f6e261d176c7ee32.bam	452903457	3682808a29db72628963473c79dc47de	23b911bc-e26b-5bba-a095-c49cbfbf0ba7	DO50412	ESAD-UK	PCAWG
aws-virginia	FI808931	badd4160-6c41-5d1a-b979-2f9b9e684207	BAM	mini-5b2243e4bcd16e58f9ad33274d3ca06f.bam	161353482	0f6a7a536ede23506efe6d71bb24051e	693fba51-7905-59a9-ae16-f4a98e20a218	DO50390	ESAD-UK	PCAWG
aws-virginia	FI808941	b7e14c57-eb1c-5ffe-8cd7-bf669a28b754	BAM	mini-1b680787b81a2fcba73705f933eaff7e.bam	405157849	5d5c3787b1e1040c194160a5f25be7f6	9ccb0488-d92e-5d6c-b9aa-244e3e64128e	DO50392	ESAD-UK	PCAWG
aws-virginia	FI808857	a74d8b6a-826d-52e7-8a98-a489fe9791f2	BAM	mini-8f461297ccfbdd7ce6dc468b3b3ed6a7.bam	584769810	42616c447925a38b509805f05dc7189e	13951d88-df0f-54b1-8413-af059a15b3c7	DO10839	ESAD-UK	PCAWG
aws-virginia	FI808865	3b47bcd3-0b23-55d3-9406-590e10b138c4	BAM	mini-52e9c65df5950efde5a03d89ecfbbe0a.bam	716093695	d152637a61823ffbbc8446cbbbe161a4	a924acee-1e48-537d-81ca-3446eccc387f	DO50372	ESAD-UK	PCAWG
aws-virginia	FI808881	0a33a193-cf71-5618-846e-f5aaeb1f579f	BAM	mini-c40f28624b7bb553ee7188915c83907d.bam	436009229	4520bc2afbe2406f50eb106977b220b1	9fa53919-3106-5800-abc3-aa242e952179	DO50451	ESAD-UK	PCAWG
aws-virginia	FI808825	5d15b7b6-9f45-5334-b60c-9075c36cea3a	BAM	mini-d42c5f83c74276a84f9ba4f2e991e563.bam	277859115	e29707e8aa3c19db7eacb6d930c0e55e	f4804105-5b13-5bf4-926b-fc7c21c9c969	DO10844	ESAD-UK	PCAWG
aws-virginia	FI808821	31ae054f-e9b3-5be6-9dc0-0f02e04df31b	BAM	mini-8e55753867a02048046f6b250021fe8b.bam	724119112	48107208bb3c7d83e6eeb0f122fad777	4140d17b-a0e0-5be7-a683-587eaed8313f	DO50362	ESAD-UK	PCAWG
aws-virginia	FI808827	57421027-ec11-556a-a666-62af4176e795	BAM	mini-b81de293691fe2b55a13a9bc72fb77c9.bam	396972412	56c206cbf60b906d0936c983afbafadd	a146b83b-4ac9-5472-8f22-b947f33ef83b	DO50365	ESAD-UK	PCAWG
aws-virginia	FI808793	bec69991-d92c-5947-8f7f-8ec923f0cb4f	BAM	mini-5818499818533772c63f1c0e94767950.bam	200510054	3c73a9c87f9368b829d7e424af85d9f5	8c5a19fc-bfe7-5827-b1be-a0b5a3357f87	DO50356	ESAD-UK	PCAWG
aws-virginia	FI808763	7792febd-a63f-5dbc-8de7-595ffdb116a9	BAM	mini-40416d2bdc893b54ead778cdd5c1177f.bam	244412326	9c95362b8ebd5d0367b55a3a89c58564	8f003904-2589-5f73-9a96-eae322344287	DO50350	ESAD-UK	PCAWG
aws-virginia	FI808765	15a50b57-a70c-57dd-8024-1159f2b1eb9b	BAM	mini-74c9f56cd9b5b3454760e4507496e755.bam	180440000	35c00efa8f8ae1f451a73bf001bfd842	27b5cfeb-edba-5039-afe9-25ecf12f1ac6	DO50354	ESAD-UK	PCAWG
aws-virginia	FI808727	21bb24bd-3326-52cf-83cc-0a948a652033	BAM	mini-2fc8147dda3413c420334a3e396fdd21.bam	739074975	2d8957ab411fccb7fb9d37d134451ef2	7cca713e-2b7f-54ac-865d-429afaad176c	DO50340	ESAD-UK	PCAWG
aws-virginia	FI809057	add7c711-6e78-5082-b56d-7da0f0d853ca	BAM	mini-fdcb1bd7cffca69d15383ca9566c58e0.bam	377990881	2a9e4dfa44ae33ef93a1080cb7836355	7dd08ec3-c8d7-5932-93ed-e22c8736139e	DO50311	ESAD-UK	PCAWG
aws-virginia	FI809007	77ba73d8-c3fe-5464-9f2f-96a541f910ce	BAM	mini-f5be92968f9f7fd65d2146c06f29779b.bam	506159974	7b654ad631ada539eb4b9f00c0ef3f8b	6987f289-74b5-530b-8ed4-238ff2997677	DO50387	ESAD-UK	PCAWG
aws-virginia	FI809011	8f983912-ec2c-555b-b68a-93ec0a2cbcd6	BAM	mini-9348a162d6c1a6bb1b473dae55c75d4c.bam	717848834	ba9ccd6a4ae11901db2cedc12d185bc2	b31b8196-4167-5a91-a493-c795e6a49c2e	DO50411	ESAD-UK	PCAWG
aws-virginia	FI808997	092d2437-c581-5cbc-81d7-f5bc8a3cf011	BAM	mini-670a86c57dc13f63d281b285e4b75b4d.bam	292138689	514ae8b4d77ebf8576a48e2d665966b4	f780d33a-2b5c-57f4-affd-d220f2946b5e	DO50399	ESAD-UK	PCAWG
aws-virginia	FI808965	995fde5b-1329-5d57-992a-3ffe27c4905c	BAM	mini-4f669416867d09bcccb0f6ad44e579b3.bam	731771680	64ede8b64380859204a3102d0c0f959e	afb7283c-6cf5-5958-aa08-08138623d8fc	DO50403	ESAD-UK	PCAWG
aws-virginia	FI808909	5c490974-5358-5d29-b26a-8dbe5a0eaa3f	BAM	mini-cbbba74222441fa3ca729518f0aa851d.bam	1064542001	91a3ab573ab6d3fbe4f00554a6f6434d	26137bb0-b50b-5c98-bac6-3b70faf3206a	DO50374	ESAD-UK	PCAWG
aws-virginia	FI808915	9f3a4982-d2b4-5dc3-ad62-76c2f2324fbc	BAM	mini-0b472eda970ba735ff7ce47f09f43def.bam	708377205	c7b76ff5ff95d2a43f564a3ad0c838a4	f4652a79-6289-5989-a5b3-658c15216eba	DO50385	ESAD-UK	PCAWG
aws-virginia	FI808859	008634c9-2aa8-5746-a89f-a62091b58b25	BAM	mini-39568c38b7848877cc7cd29f699320af.bam	473106624	7200572d9dbb1eaed7492062cf7c605e	c41b245c-997d-5f40-ba58-5a775ca98aef	DO10839	ESAD-UK	PCAWG
aws-virginia	FI808867	2a95b6ea-b718-5896-9abf-5bade482811a	BAM	mini-29a3f24332c88d064a5d658aad809003.bam	583139817	a6bf06553291f3f5a1eda318858aabc7	bb9d9981-a287-5ad2-afb0-721da40a0843	DO50449	ESAD-UK	PCAWG
aws-virginia	FI808691	5edef39b-6610-578c-a019-89d5c511f65c	BAM	mini-e2d8c91de4566db465c92c8c960b4153.bam	561833927	239aa2dd13036f522d11c931eed36ffd	45cfc82f-4f5a-5f73-897f-dad091bc4ae7	DO50330	ESAD-UK	PCAWG
aws-virginia	FI808917	3aaf64f4-d6c0-53e2-87d8-d1a767bae26b	BAM	mini-0d2e46185b6dc8be30492a81abc66147.bam	887836641	ce3ac9b498f69faf5e863eb65c109996	9391b3be-6e68-5b18-a82d-6ca41b338239	DO50385	ESAD-UK	PCAWG
aws-virginia	FI808891	240c6339-5554-5cb5-a29c-c1253f27c800	BAM	mini-df4b26ce8210b8ad42f9ed2accc880a0.bam	741905246	ce0920045ee89198ce9d63be37970f0e	c86c0bbd-e161-512f-9c88-fb272f1be49e	DO50440	ESAD-UK	PCAWG
aws-virginia	FI808805	0abeadba-1437-513a-a256-1bfde556464d	BAM	mini-97e6ae058406132d95f298fd9766478c.bam	584680387	de6048261fdacc610e6824bb2f58b1ac	69349012-aace-5b6b-9d91-3847650ebd19	DO50446	ESAD-UK	PCAWG
aws-virginia	FI808817	b38130e9-e9f3-5437-89af-6090e8fe4de0	BAM	mini-ebda9276b95de961d9566de5c0df080d.bam	241056823	25a15eef57d4d0a9505778ca36a5cdec	c65ed6ba-3bb1-58cc-9339-07156d20b4dd	DO10843	ESAD-UK	PCAWG
aws-virginia	FI808775	3be65fdc-27c6-59b8-a2d2-d9ead29feab8	BAM	mini-a7a2c895af68c5736d8abb49dc7313e7.bam	500177004	c24de239fd74e5bf0e13749a7ca21991	37cef339-73df-5898-938d-0369d997a5a4	DO50441	ESAD-UK	PCAWG
aws-virginia	FI808785	27dacd59-976e-578e-a699-137829ed74c6	BAM	mini-6681a3b45b0975d2599d48a85149ba3d.bam	318267072	41fe852340cb1e9d905dd2516312e55a	56151a9d-6d06-580a-a48e-29fca4470eb6	DO50443	ESAD-UK	PCAWG
aws-virginia	FI808751	9b7d1318-3fef-5816-8059-ebf6dfeeb099	BAM	mini-138b736ebc1b4f123d90c87b9763ec46.bam	461141196	5a13747426ffcb6f867705663a4e248d	d93d1927-b61e-576c-ad96-25c327619868	DO50343	ESAD-UK	PCAWG
aws-virginia	FI808759	b8bef1e4-1772-5ca4-8392-563fdf5199ee	BAM	mini-91c48557f40e5442961323ba84fac2c5.bam	510406215	6179d3bd9b1cbb561ca984df09be5e73	9dffbc0c-bece-5118-b7e6-da75994578f3	DO50346	ESAD-UK	PCAWG
aws-virginia	FI808705	535bb46a-73f7-53a5-ae6c-7900d04708e2	BAM	mini-bb333ba800836cecb5cae21f92481d1c.bam	466333105	1957b6db21131646b242a3d369071b04	579a63bd-c3d7-5f17-87cb-9d643ef43965	DO50319	ESAD-UK	PCAWG
aws-virginia	FI808703	c7e77869-ce00-52de-b430-b22980c178ba	BAM	mini-fdec7ac66f21e0127348adc913910e14.bam	1179495070	a8907359937c00c4bf38187bbe6804c2	dd7a7191-94aa-50d9-8c6d-ef62b7e3d8cc	DO50337	ESAD-UK	PCAWG
aws-virginia	FI808707	78a3e495-893f-5522-b878-9e2f1a87e863	BAM	mini-c6ba18d6624f747c5da256debf458d52.bam	1097945995	b4b36215d4cee3a7a8e3416b4203c2a2	da084eb0-bf2b-5a2b-9a56-f012cb12d54e	DO50319	ESAD-UK	PCAWG
aws-virginia	FI808715	fdf3cb14-ac28-5207-852f-7125809dfc5e	BAM	mini-5b3bc69f8060efc4c44e13bcd1643365.bam	1463547908	5a3440ae19030194eb1c65bb1812faae	91377b21-274b-56d6-8fb9-ab6f3065cb6f	DO50339	ESAD-UK	PCAWG
aws-virginia	FI808629	1c347a26-da33-5617-bf4b-3bc102a7f740	BAM	mini-5a5d05ee2abd81a78493a42887e0d31c.bam	915932493	a2aecbbcbf9e79f6ce2a3534056b4b3d	c86d4622-110f-571a-8f92-a8092adccba6	DO50328	ESAD-UK	PCAWG
aws-virginia	FI808645	728b8ead-8331-552f-9068-2785b842df56	BAM	mini-10e5754ff94f5da74a0d04bd57c744b0.bam	634282644	326a75cba270108809f9bec8e354eeff	919f932c-f3eb-5ed6-be98-2127af440306	DO50338	ESAD-UK	PCAWG
aws-virginia	FI808491	4e0cad57-8d62-5ded-9d72-ee74b4770825	BAM	mini-5e6dd7316fb69b8565ca9df3fe0349d4.bam	569561818	33aee9da8815b4bb223bbdbbdc88c9f4	b5599915-c604-5bef-bc6d-f1c647895171	DO50307	ESAD-UK	PCAWG
aws-virginia	FI808771	14efcfda-958e-5375-ba17-29bfe09d9c28	BAM	mini-92fbec94284807bf60fc0dd9ca45c4d1.bam	404779110	41138982081b6b5b732cb91ebcabac13	cf06d5fd-3987-5eb8-8d9f-9d85ddc50cca	DO50437	ESAD-UK	PCAWG
aws-virginia	FI808797	0d12c811-34ca-5ea1-9012-78c0d7f893d5	BAM	mini-d7f0d01e30c08ad5a53b08ad3f9891c6.bam	459771714	07c80619bdcb41cf46e32240f1b763ca	046db5cd-f37c-58a8-9527-3d01e97c72a4	DO50357	ESAD-UK	PCAWG
aws-virginia	FI808709	ae997a7e-eabe-5ce8-8384-ff64f0be366c	BAM	mini-4b169b10b55df1e433f1b012c3412465.bam	464966644	86943182ca8fb417788e337059ebef9d	e6c312eb-6958-5912-90fb-1c54527fdb9e	DO50341	ESAD-UK	PCAWG
aws-virginia	FI808987	2dcf518e-f83a-5b49-8482-32e0de55dd96	BAM	mini-2c0180436ed4e6909018a722255feb2d.bam	1509432358	a4ca16a63688384cea303dfd8f0e6fa1	70ed45b4-4981-5848-af0f-9b8302209500	DO50398	ESAD-UK	PCAWG
aws-virginia	FI808913	ff484c47-be99-5c06-b585-16f59a7e2dcd	BAM	mini-513bbeece195b52f92097da6e8b83439.bam	376883202	434d8f658224ff0e7c02825b99034582	4382fa07-5be7-5080-835f-7246c1fa90b2	DO50309	ESAD-UK	PCAWG
aws-virginia	FI808883	39accc79-ab20-5d03-ae80-6daa37ba9110	BAM	mini-5ec441045ceb71e3c6ae032c22f986df.bam	709357369	02a933827223c334bd61908f1b1726d5	96b81320-783f-5377-839d-7d1684922933	DO50451	ESAD-UK	PCAWG
aws-virginia	FI808889	0f4fee8c-5fce-55c2-abc8-9452fd50982f	BAM	mini-c614e7eeadb59ac88c51de2f91221148.bam	837598155	6c05214360192d6fcd36cd2d306211eb	4ff793ba-f937-594e-9ae4-facdcb9b5f6c	DO50345	ESAD-UK	PCAWG
aws-virginia	FI808847	828f0bf5-de02-543a-9313-ae5f7c1a2548	BAM	mini-fee8422013f0fcaed92612dd9be52c6a.bam	1332332990	8507daea742dad6cd9deb2a73cbc1fe3	724d128f-99b4-55ed-8653-c4c134f05e8f	DO10858	ESAD-UK	PCAWG
aws-virginia	FI808801	aaf7a22c-0457-5dfa-967c-e153cd0bf00d	BAM	mini-d6250862d02f9a7edf281102cdccf83c.bam	775897048	d6aa2cd9ee553e553b1241bb8650a122	2978e4ab-ca04-5728-9d25-89100373448d	DO50444	ESAD-UK	PCAWG
aws-virginia	FI808945	d8121869-bf22-532f-8068-22da70ea3902	BAM	mini-bec1dad26b22ffa9196172241d60f7c7.bam	593033428	514ae6f37bf0f5b9a70a3512175f0d1f	a6ec9d2c-7f37-5ea9-b4d1-3bdc86f049f0	DO50454	ESAD-UK	PCAWG
aws-virginia	FI808957	3cb1c1e8-487f-5069-8cb0-7e87daec0358	BAM	mini-0cf20dcaf06c163d39c219395680c817.bam	278467864	a4f6a80dc359db415d693353dd295fcf	550e343a-1084-5344-a77e-9b4873142f72	DO50395	ESAD-UK	PCAWG
aws-virginia	FI808951	6f3d0138-ac6b-5ed5-93e8-bb400f917673	BAM	mini-74078132182879c8e372b365103797f1.bam	174339870	faaaf875a953854ae66c84d28cb77397	fc0da53f-63c7-5020-8a39-b3fdf5165e98	DO50405	ESAD-UK	PCAWG
aws-virginia	FI808959	ef2e0a8f-1949-5e9b-ae9c-2365e25f6010	BAM	mini-f4c67563f92fc22d23ca5b164267f156.bam	286955948	ac36153734595a3655552ad0fb41ec36	f73a628d-b8c9-52cc-bebd-f53013c94323	DO50396	ESAD-UK	PCAWG
aws-virginia	FI808875	ddc7d3cd-ec4e-5acd-b0ea-eecb76735089	BAM	mini-3c54785645c4b1e1c9d334e9da4dff78.bam	302141309	d74fe38dd51acd2190113dd61cea3b76	ea132e5b-d509-5386-9534-9032366ef88f	DO10841	ESAD-UK	PCAWG
aws-virginia	FI808813	aecadb8b-bcaf-565c-a713-bedae9bbaf6f	BAM	mini-d4ef5cdff5c63275ba7ea6deecb943db.bam	543375765	199169f81d472549ea9b26aa463e855f	686a9746-b965-5d3f-ab15-ceb7be0f09d5	DO50306	ESAD-UK	PCAWG
aws-virginia	FI808843	82af6bf8-31e5-5603-92ce-5624f8a4a682	BAM	mini-af71d29022bc62b7a5afd6bb8352645e.bam	669370683	f7222404fd9721902d0eb79a375cdc82	0f3cde78-ade5-5113-8cec-eb0002e7ba75	DO50438	ESAD-UK	PCAWG
aws-virginia	FI809059	f2ef4bd6-8218-5af2-91da-86253f5aa047	BAM	mini-7875b5196f6b8b52847f99bf370aada0.bam	570823449	683a7115c755cfe8cdcbfb5022d64638	d93cf7dc-d02d-5d05-8fdb-17baac9024e6	DO50311	ESAD-UK	PCAWG
aws-virginia	FI808777	e37ae29d-43ef-53dc-bf22-304dbc2e762f	BAM	mini-3756a5bb0047504a87838271674b6424.bam	1084390901	143553375e7ee927b35903fae729a50a	b916bbe7-eac0-50c0-b3af-6301e63a8d01	DO50441	ESAD-UK	PCAWG
aws-virginia	FI808745	6e519461-0c8d-5499-80ed-84cdd0426bd1	BAM	mini-caac977aefdf4065b28da2c31904531f.bam	393753019	5c65f6c7f449ad417339e6827a20fd09	be63d64a-d12b-5b3a-b0fb-4eb27e2f03e7	DO50345	ESAD-UK	PCAWG
aws-virginia	FI808725	c826972f-c95a-5f0c-846f-dcf85a0437f3	BAM	mini-ae81abfb92eadf8156af0511d9e2c1f0.bam	323333976	98affafc0aca4cab1ca47a6c010486f7	8fb3bbb0-7e51-51d2-ad52-f2227de8d66a	DO50336	ESAD-UK	PCAWG
aws-virginia	FI808697	0a9d22fe-bf9a-521a-956f-7c0e94736fb9	BAM	mini-931205bde828ae2731cf37cb8444abb3.bam	750674929	4039db5b66e4901cf6070860f60f3a6f	0e49ab59-56ad-52c7-9c55-47bd45e2dc16	DO50331	ESAD-UK	PCAWG
aws-virginia	FI808637	d6b3573d-d660-5f37-80e0-50d1dcb011f0	BAM	mini-18b320f63f6c5dd2dd4e0c30c87a1ce9.bam	633080733	e4333e8508d3eeadd775ebcb7ff5d6e6	0c8e5893-b965-56d4-99f9-61bfd325d5fa	DO50434	ESAD-UK	PCAWG
aws-virginia	FI808977	4053936a-22ee-5435-9bab-18cfffbb454f	BAM	mini-d073e37c97d855da5783148477977ec5.bam	688654421	e4596caf5f71ae9893bfbf749358203b	7e0adb08-46fc-5709-8c5a-6da59006abcc	DO50445	ESAD-UK	PCAWG
aws-virginia	FI808929	d4441be7-c4b9-5dc7-89ec-67693431ef33	BAM	mini-38ee0240debcdd0e2f5c8ec65f146af3.bam	770799547	860ce916419ffaa0eeb28af0da23bf2a	700a2eea-06b8-5456-9f48-c3597b359f25	DO50382	ESAD-UK	PCAWG
aws-virginia	FI808961	f76e0a56-acff-56eb-b4b8-bab24b06b8fb	BAM	mini-4ec65eb85b93fe1e7aaaec76908c4e2b.bam	456050574	eea526d230c2e2869033c5bbbdc88094	f811d53a-9193-5655-8515-e7914ed4dea0	DO50396	ESAD-UK	PCAWG
aws-virginia	FI808963	f79eeb61-22c1-5b94-9a30-4b9340bb4a0c	BAM	mini-91822e8cf04987cdbc89ad9f88c00d57.bam	435731038	a3fa251a09a138945d3987502c899f8c	43bb2ef3-1de2-5c26-98be-68ab6564caca	DO50403	ESAD-UK	PCAWG
aws-virginia	FI808853	5440bc38-e9e7-5271-be78-6228ff711be2	BAM	mini-c5809ce42d09910878e7e2a60be7024f.bam	295825790	a1a01b7508e576a09866b67cd4b6f4bd	059d8090-251a-5c99-84b9-60cbe30fcddb	DO50370	ESAD-UK	PCAWG
aws-virginia	FI808861	cc801ce9-6be7-596b-a521-51018a9184c5	BAM	mini-5e608f0b664187403393eff07f736f5b.bam	359249343	aad714e0ec5141632bb29d2f774d083c	4cbaa077-118b-5c20-9c37-93160ddf6569	DO50372	ESAD-UK	PCAWG
aws-virginia	FI808871	b9d3267f-f6e7-536a-918d-5af35094da6d	BAM	mini-006cdcd42d55e07a2fd1ad2d31dd1a87.bam	501188537	d579fddf8f87c2beb4b99139d2090c00	db5d0591-c98a-5b0f-9eb3-befe8da11f9b	DO50381	ESAD-UK	PCAWG
aws-virginia	FI808835	e01b43c7-2cd5-524e-93ce-886e66f0a192	BAM	mini-25aba69d609ec3959a1e472d64e25643.bam	358634565	d150c9f3fee1431103e77414658811e5	0b100ee5-27fd-5dae-8917-9f32fa4d9127	DO50436	ESAD-UK	PCAWG
aws-virginia	FI809029	46722e36-cbba-5d20-b019-761b6698589f	BAM	mini-ad33c561c15b7af26a9cdbd945adc273.bam	307886960	271dc50e019bc2b8c88b88aaf97bad26	0f293920-8ea8-5cf2-a572-094ad661f58a	DO50383	ESAD-UK	PCAWG
aws-virginia	FI809015	c038823d-fe8c-57cf-8d68-1d799a34eabb	BAM	mini-ab4cd5b95392cd1c35b78659af1afaf4.bam	1172608705	19736efd924101e2d7652739b5f98e86	56183199-b633-54eb-ae10-64ded15efa90	DO50388	ESAD-UK	PCAWG
aws-virginia	FI808783	d210f662-72d1-5c4d-a57a-50441a4cc208	BAM	mini-f86245b83cda3ee1a83f40caafd6d8b4.bam	175503818	6ee724df92f24d60ef8325fbcd92b779	85f1333c-2fdd-5e4c-bdaf-cc62a1c69bd5	DO50443	ESAD-UK	PCAWG
aws-virginia	FI808799	c2867331-0ec1-58fd-bdd6-12263422d2ad	BAM	mini-3452fdece33fe81a476c1b1e47b2e53b.bam	437650525	6143d7227cf892eb7fcb59c8a6f3589c	1a4e2e3e-b61d-537c-b8e6-5049503a878f	DO50444	ESAD-UK	PCAWG
aws-virginia	FI808735	725c4c56-aa91-5f72-a0a1-fb2668885df2	BAM	mini-0cdeaa8bf1b4757e694bce73c750c6d6.bam	300517773	2a0d8a83e465f3667181e0fe5a2f4cb7	793ecbd6-c4a2-54ac-995a-7b3001b4a5b8	DO50321	ESAD-UK	PCAWG
aws-virginia	FI808755	db5d4bc0-433e-58c0-b8c8-75b95103d2a3	BAM	mini-0d92673a261e7374573796898c7136fc.bam	727992805	20d31cc274ae4c6119455dd7cb45b216	a62c6d20-0e29-5d25-9536-1f56e8128013	DO50323	ESAD-UK	PCAWG
aws-virginia	FI808693	f635e40a-f9c4-5501-8948-8c1359914018	BAM	mini-0d5b4eff9dc73d8869d2db08d2e3bb44.bam	381148444	dfe59f5ad527681c5413c41d8ad508dd	76e1157c-83f6-56bf-90a2-5c8bb70b2f16	DO50327	ESAD-UK	PCAWG
aws-virginia	FI809005	d8dd1c53-8894-550d-b6ef-c5afe80b1218	BAM	mini-13a11d3cb956f0075c19f758d64b32d8.bam	347534067	bfd85d073f4b353f128b09116d3a8211	163f0dbb-3226-5f0f-bc97-362c065a9d5b	DO50410	ESAD-UK	PCAWG
aws-virginia	FI808949	b4ff0e32-1dba-5f1d-a7e9-69925da847b4	BAM	mini-5144479cf56f153995bc1b4f4005d181.bam	614557012	3633fafa86757d690721a7742dd09591	aecb1275-654f-55f1-b69d-5c40b67eb5c5	DO50393	ESAD-UK	PCAWG
aws-virginia	FI808885	2817301d-c322-5853-9f0b-9f9544987086	BAM	mini-bda62ec4751df6c7d09270377d6f39e3.bam	507662992	dc20af60057ee455af3c304580d25e27	e6b2c335-c836-5cc4-94af-5201f2cef610	DO50315	ESAD-UK	PCAWG
aws-virginia	FI808779	1b5086ed-142b-5cd0-a064-cbf48add8786	BAM	mini-4cbfc081f5bd7d572e5c9bf0090c0426.bam	559411918	070b1a93fa8eef277278fd63663ada3c	ea27ef7e-9660-567a-80ce-82556675f045	DO50442	ESAD-UK	PCAWG
aws-virginia	FI808733	0e7172b7-01aa-5b8d-bdb1-7e3da704e2e8	BAM	mini-a89399ef0212863cb5d724f971977ca6.bam	965109577	5fdd270368b05804acba06d0b0ba9d82	82cd388f-f8cc-50b2-9e5e-513c25506e2b	DO50320	ESAD-UK	PCAWG
aws-virginia	FI808711	c145ddb9-6e21-5790-9a69-bff47795e339	BAM	mini-a6cd09c2289b82b7cb512b5f58035c2a.bam	973909261	07eade57e71cc80bafd826cddf21554f	23e9a240-a0bf-5817-b613-76aa36132947	DO50341	ESAD-UK	PCAWG
aws-virginia	FI808699	86e7fb3b-bad9-539f-87a6-1000e7117081	BAM	mini-abd09865a9fa40065ad10f6b5fe7215c.bam	795789197	1bbdafd7f21b209857b1e4ab72368ad8	19e292db-eb89-5891-8c5b-5fbc6da9472a	DO50332	ESAD-UK	PCAWG
aws-virginia	FI808687	3d182e53-bc01-5bc9-bbd5-761f50054c25	BAM	mini-a290e711c72ff5177a4a4cd3df5f85cc.bam	942098303	d97fe2340bfa62afa501a788bc7669a2	58878e69-c5af-5fa0-b178-0a4789092c7e	DO50325	ESAD-UK	PCAWG
aws-virginia	FI808635	28956041-3678-5041-bcfa-d3eab7187760	BAM	mini-33ad005820e542772c8fbcda28dd9f58.bam	339368910	1a8dd6660862fdefca84f13f7fc22e6a	d989660f-61ee-5789-b5d9-d719d15ff873	DO50434	ESAD-UK	PCAWG
